UUID,category_boundary,learning_stimuli,testing_stimuli,testing_individual_results,testing_individual_correctness,testing_round_correctness,testing_round_certainties,testing_overall_correctness,yoked_clipboard_config
952583bb-b52f-4583-907a-be78ea66a1df,0.61,"[[0.6200000000000001, 0.6000000000000001, 0.6000000000000001], [0.48, 0.56, 0.54], [0.6400000000000001, 0.3999999999999999, 0.54], [0.5, 0.5800000000000001, 0.7400000000000002], [0.5, 0.6000000000000001, 0.6000000000000001]]","[[0.9913532004297088, 0.0650184876703223, 0.1613813678679352, 0.262870826585086, 0.3683206161065638, 0.1829236656581178, 0.1719353066396851, 0.3116510908139356], [0.9895247995496588, 0.4934731957859694, 0.7174203146826698, 0.8045523889072088, 0.8350947799382412, 0.8979636272674617, 0.9161799035700812, 0.1486833847444959], [0.6748520632938556, 0.7110238295660338, 0.6610036939218817, 0.293524559615306, 0.8508234434216201, 0.8732638726303624, 0.7754941879399814, 0.8838248195640072], [0.7832875898051838, 0.3191012761410059, 0.810507086248641, 0.0174865118843162, 0.5792341980781379, 0.7201156796998418, 0.2046635522784112, 0.0392819428874088], [0.9404086007980116, 0.2844786207817108, 0.1120762543797119, 0.0554449244301714, 0.5237869563693608, 0.7835262639276684, 0.5975719208293985, 0.5723085115085425]]","[[True, False, False, False, True, False, False, True], [True, True, True, True, True, True, True, False], [True, True, True, False, True, True, True, True], [True, False, True, False, False, True, False, False], [True, False, False, False, False, False, False, False]]","[[True, True, True, True, False, True, True, False], [True, False, True, True, True, True, True, True], [True, True, True, True, True, True, True, True], [True, True, True, True, True, True, True, True], [True, True, True, True, True, False, True, True]]","[0.75, 0.875, 1.0, 1.0, 0.875]","[3, 2, 2, 3, 1]",0.9,"
const CATEGORY_BOUNDARY = 0.61;
const SELECTION_UUID = ""952583bb-b52f-4583-907a-be78ea66a1df"";

const YOKED_STIMULI = [
	[0.6200000000000001, 0.6000000000000001, 0.6000000000000001],
	[0.48, 0.56, 0.54],
	[0.6400000000000001, 0.3999999999999999, 0.54],
	[0.5, 0.5800000000000001, 0.7400000000000002],
	[0.5, 0.6000000000000001, 0.6000000000000001],
	];

const TEST_STIMULI = [
	[0.9913532004297088, 0.0650184876703223, 0.1613813678679352, 0.262870826585086, 0.3683206161065638, 0.1829236656581178, 0.1719353066396851, 0.3116510908139356],
	[0.9895247995496588, 0.4934731957859694, 0.7174203146826698, 0.8045523889072088, 0.8350947799382412, 0.8979636272674617, 0.9161799035700812, 0.1486833847444959],
	[0.6748520632938556, 0.7110238295660338, 0.6610036939218817, 0.293524559615306, 0.8508234434216201, 0.8732638726303624, 0.7754941879399814, 0.8838248195640072],
	[0.7832875898051838, 0.3191012761410059, 0.810507086248641, 0.0174865118843162, 0.5792341980781379, 0.7201156796998418, 0.2046635522784112, 0.0392819428874088],
	[0.9404086007980116, 0.2844786207817108, 0.1120762543797119, 0.0554449244301714, 0.5237869563693608, 0.7835262639276684, 0.5975719208293985, 0.5723085115085425],
	];
"
